Section,BAT ID,Object,Redshift,D,Opt. class,Nuc. morph.,F_nu(N-band),F_nu(Q-band),d_unr,R_AS,R_tot
,,,,(Mpc),,,(mJy),(mJy),(pc),,
\ref{app:1H0419-577},31,1H 0419-577,0.1040,499.0,1.5,-,62,,712,,0.762
\ref{app:1RXSJ112716-6+190914},78,1RXS J112716.6,0.1055,512.0,1.8,?,41,,802,,
\ref{app:2MASXJ03565655-4041453},28,2MASX J03565655,0.0748,351.0,1.9,?,31,,541,,
\ref{app:2MASXJ09180027+0425066},64,2MASX J09180027,0.1564,781.0,2,?,18,,965,,
\ref{app:3C029},,3C 29,0.0450,202.0,L,?,3,,371,,
\ref{app:3C033},,3C 33,0.0597,273.0,2,o,35,,839,0.82,
\ref{app:3C078},,3C 78,0.0287,127.0,1,?,12,,241,,0.122
\ref{app:3C093},,3C 93,0.3571,1967.0,1,?,3,,2135,,
\ref{app:3C098},,3C 98,0.0305,137.0,2,?,25,,304,1.19,1.258
\ref{app:3C105},29,3C 105,0.0890,421.0,2,?,10,,593,1.01,
\ref{app:3C120},32,3C 120,0.0330,150.0,1.5,?,266,,200,0.88,0.619
\ref{app:3C135},,3C 135,0.1274,620.0,2,?,11,,881,,
\ref{app:3C227},,3C 227,0.0858,414.0,1.5,-,32,,595,1.04,
\ref{app:3C264},,3C 264,0.0217,103.0,2:	*,?,4,,191,0.34,0.039
\ref{app:3C273},,3C 273,0.1583,792.0,1,-,289,,1095,0.90,0.528
\ref{app:3C285},,3C 285,0.0794,378.0,2,?,6,,626,0.34,0.062
\ref{app:3C293},,3C 293,0.0450,211.0,L,?,5,,373,0.23,0.201
\ref{app:3C305},,3C 305,0.0416,192.0,2,?,4,,329,0.19,0.200
\ref{app:3C317},,3C 317,0.0345,160.0,2/L,?,3,,310,,0.033
\ref{app:3C321},,3C 321,0.0961,460.0,2,o,70,,782,0.64,0.822
\ref{app:3C327},,3C 327,0.1048,505.0,1,o,71,,1114,0.89,0.832
\ref{app:3C353},,3C 353,0.0304,138.0,2/L,?,8,,292,0.84,
\ref{app:3C382},125,3C 382,0.0579,267.0,1,-,100,,485,1.04,
\ref{app:3C390-3},127,3C 390.3,0.0561,259.0,1.5,o,144,,433,0.73,
\ref{app:3C403},,3C 403,0.0590,271.0,2,?,94,,485,0.87,0.805
\ref{app:3C424},,3C 424,0.1270,613.0,2,?,2,,982,,
\ref{app:3C445},,3C 445,0.0559,254.0,1.5,?,180,,357,1.04,0.866
\ref{app:3C449},,3C 449,0.0171,72.4,L,?,12,,242,0.60,0.334
\ref{app:3C452},149,3C 452,0.0811,378.0,2,?,42,,1039,1.40,
\ref{app:3C459},,3C 459,0.2201,1125.0,Cp,?,16,,1999,,0.147
\ref{app:4C+73-08},,4C +73.08,0.0581,271.0,2,?,22,,421,,
\ref{app:Ark120},38,Ark 120,0.0327,149.0,1,-,247,,200,0.91,0.773
\ref{app:CenA},104,Cen A,0.0018,3.8,2,circ.,1524,2298,5.8,0.69,0.069
\ref{app:Circinus},,Circinus,0.0014,4.2,2,ellip.,8327,14182,5.34,0.70,0.443
\ref{app:CygnusA},,Cygnus A,0.0561,257.0,2,circ.,57,,626,0.42,0.398
\ref{app:ESO005-G004},49,ESO 5-4,0.0062,22.4,2,?,29,69,34.9,0.38,0.047
\ref{app:ESO033-G002},,ESO 33-2,0.0181,82.3,2,o,174,,276,0.79,0.838
\ref{app:ESO103-G035},126,ESO 103-35,0.0133,59.5,2,o,484,,81,0.63,0.791
\ref{app:ESO121-G028},51,ESO 121-28,0.0405,187.0,2,-,15,,285,0.91,0.203
\ref{app:ESO138-G001},,ESO 138-1,0.0091,41.8,2,?,760,,61.8,0.96,1.573
\ref{app:ESO141-G055},,ESO 141-55,0.0371,169.0,1.2,o,149,,289,0.76,0.615
\ref{app:ESO198-G024},18,ESO 198-24,0.0455,208.0,1,-,33,,305,0.98,
\ref{app:ESO209-G012},,ESO 209-12,0.0405,189.0,1.5,?,164,,250,0.87,0.812
\ref{app:ESO253-G003},,ESO 253-3,0.0425,196.0,2,?,193,,364,0.78,0.738
\ref{app:ESO263-G013},,ESO 263-13,0.0335,158.0,2,-,56,,223,0.93,
\ref{app:ESO286-IG019},,ESO 286-19,0.0430,195.0,Cp:*,?,412,808,497,0.96,1.471
\ref{app:ESO297-G018},8,ESO 297-18,0.0252,111.0,2,?,31,,171,0.48,0.181
\ref{app:ESO323-G032},,ESO 323-32,0.0160,76.4,1.9,?,57,,121,,0.525
\ref{app:ESO323-G077},,ESO 323-77,0.0150,71.8,1.2,circ.,347,,89.3,0.48,0.510
\ref{app:ESO362-G018},39,ESO 362-18,0.0124,56.5,1.5,-,157,,88.1,0.82,0.685
\ref{app:ESO416-G002},17,ESO 416-2,0.0591,272.0,1.9,?,25,,504,,
\ref{app:ESO420-G013},,ESO 420-13,0.0119,52.7,Cp,spir.,192,,95,0.33,0.202
\ref{app:ESO428-G014},,ESO 428-14,0.0057,28.2,2,ellip.,115,308,42.8,0.38,0.262
\ref{app:ESO500-G034},,ESO 500-34,0.0122,60.2,Cp*,comp.,47,,121,,0.122
\ref{app:ESO506-G027},95,ESO 506-27,0.0250,119.0,2,-,180,,183,0.88,1.215
\ref{app:ESO511-G030},113,ESO 511-30,0.0224,105.0,1,o,52,,149,0.75,0.325
\ref{app:ESO548-G081},25,ESO 548-81,0.0145,63.5,1,o,87,,103,0.70,0.349
\ref{app:ESO602-G025},,ESO 602-25,0.0250,109.0,Cp:*,spir.,34,43,297,0.14,0.124
\ref{app:Fairall0009},5,Fairall 9,0.0470,215.0,1.2,-,280,,246,0.98,
\ref{app:Fairall0049},,Fairall 49,0.0200,90.1,2,o,368,,193,0.86,0.590
\ref{app:Fairall0051},,Fairall 51,0.0142,64.1,1.5,?,391,712,188,0.99,0.838
\ref{app:FornaxA},,Fornax A,0.0059,19.0,L,o,17,,36.2,0.35,0.054
\ref{app:H0557-385},47,H 0557-385,0.0339,156.0,1.2,?,426,,251,1.08,0.666
\ref{app:H1143-182},82,H1143-182,0.0329,156.0,1.5,-,67,,229,0.81,0.573
\ref{app:HydraA},,Hydra A,0.0549,260.0,L,?,	5,,379,0.72,0.159
\ref{app:IC0883},,IC 883,0.0233,109.0,Cp*,?,222,496,318,0.94,0.888
\ref{app:IC1459},,IC 1459,0.0060,30.3,L,?,17,,44,0.75,0.138
\ref{app:IC3639},,IC 3639,0.0109,53.6,2,-,386,,84.6,1.00,0.536
\ref{app:IC4329A},108,IC 4329A,0.0161,76.5,1.2,o,1158,2220,114,1.01,1.043
\ref{app:IC4518W},,IC 4518W,0.0163,76.1,2,o,199,,196,0.71,0.554
\ref{app:IC5063},138,IC 5063,0.0113,49.1,2,ellip.,821,1850,82,0.74,0.739
\ref{app:IIIZW035N},,III Zw 35N,0.0277,121.0,Cp,o,53,,257,0.56,0.379
\ref{app:IRAS00188-0856},,IRAS 00188-0856,0.1284,620.0,Cp*,?,64,136,1485,0.95,0.551
\ref{app:IRAS01003-2238},,IRAS 01003-2238,0.1178,565.0,2,?,215,402,1287,1.09,0.947
\ref{app:IRAS04103-2838},,IRAS 04103-2838,0.1175,567.0,2,o,133,357,1398,0.97,1.773
\ref{app:IRAS05189-2524},,IRAS 05189-2524,0.0426,196.0,2,o,651,,359,1.01,0.880
\ref{app:IRAS08572+3915},,IRAS 08572+3915,0.0584,275.0,Cp*,o,602,1007,744,0.83,1.825
\ref{app:IRAS09149-6206},,IRAS 09149-6206,0.0573,269.0,1,-,465,,331,0.94,0.979
\ref{app:IRAS11095-0238},,IRAS 11095-0238,0.1066,519.0,Cp:*,?,84,,1081,0.76,0.619
\ref{app:IRAS13349+2438},,IRAS 13349+2438,0.1076,522.0,1n,?,476,,893,0.97,0.755
\ref{app:IRAS15250+3609},,IRAS 15250+3609,0.0552,258.0,Cp:*,?,217,555,620,0.88,1.359
\ref{app:IZW001},,I Zw 1,0.0589,269.0,1n,?,426,,368,1.01,0.832
\ref{app:LEDA013946},27,LEDA 13946,0.0365,166.0,2,?,12,,266,0.74,
\ref{app:LEDA170194},96,LEDA 170194,0.0367,173.0,2,-,42,,288,,
\ref{app:LEDA178130},36,LEDA 178130,0.0350,160.0,2,o,52,,284,0.89,
\ref{app:LEDA549777},53,LEDA 549777,0.0610,284.1,2,?,33,,887,,
\ref{app:M051A},,M51a,0.0015,8.1,2,o,26,,22.8,0.26,0.004
\ref{app:M081},,M81,-1.0E-4,3.6,L,?,137,193,7.69,0.76,0.023
\ref{app:M087},,M87,0.0044,16.7,L,-,21,46,25.9,0.74,0.095
\ref{app:MCG-01-05-047},,MCG-1-5-47,0.0172,73.4,2,?,53,,92.2,0.45,0.340
\ref{app:MCG-01-13-025},34,MCG-1-13-25,0.0159,71.2,1.2,o,25,,100,0.84,
\ref{app:MCG-01-24-012},65,MCG-1-24-12,0.0196,93.8,2,-,111,,129,1.10,1.383
\ref{app:MCG-02-08-014},,MCG-2-8-14,0.0168,72.5,2,?,44,,107,,0.623
\ref{app:MCG-02-08-039},,MCG-2-8-39,0.0299,133.0,2,-,231,369,356,1.20,1.154
\ref{app:MCG-03-34-064},103,MCG-3-34-64,0.0165,79.3,1.8/2,ellip.,531,,116,0.66,0.564
\ref{app:MCG-05-23-016},69,MCG-5-23-16,0.0085,42.8,1.9,-,714,1457,60.3,1.02,
\ref{app:MCG-06-30-015},105,MCG-6-30-15,0.0077,38.8,1.5,o,341,,48.9,0.91,0.897
\ref{app:MR2251-178},151,MR 2251-178,0.0640,293.0,1.5,?,90,,388,0.97,0.595
\ref{app:Mrk0003},50,Mrk 3,0.0135,60.6,2,o,448,,137,0.84,
\ref{app:Mrk0266NE},,Mrk 266NE,0.0280,130.0,Cp*,o,20,,428,0.21,0.062
\ref{app:Mrk0266SW},,Mrk 266SW,0.0276,128.0,2,ellip.,6,,421,0.04,0.018
\ref{app:Mrk0304},,Mrk 304,0.0658,301.0,1,o,52,,511,0.86,0.851
\ref{app:Mrk0509},137,Mrk 509,0.0344,153.0,1.5,-,256,463,269,0.84,0.855
\ref{app:Mrk0520},144,Mrk 520,0.0266,115.0,Cp,o,86,,196,0.57,0.452
\ref{app:Mrk0573},,Mrk 573,0.0172,73.1,2,?,212,271,193,0.74,0.758
\ref{app:Mrk0590},12,Mrk 590,0.0264,116.0,1,-,98,,164,1.03,0.511
\ref{app:Mrk0841},116,Mrk 841,0.0364,170.0,1.5,o,163,,236,0.87,0.851
\ref{app:Mrk0897},,Mrk 897,0.0263,115.0,Cp,circ.,8,,214,0.07,
\ref{app:Mrk0915},,Mrk 915,0.0241,104.0,1.9,?,85,201,276,1.01,0.483
\ref{app:Mrk0926},153,Mrk 926,0.0469,210.0,1.5,o,107,,287,0.65,
\ref{app:Mrk0937},,Mrk 937,0.0295,129.0,1,?,15,,175,,0.103
\ref{app:Mrk1014},,Mrk 1014,0.1631,807.0,1.5,o,99,,1187,0.87,0.809
\ref{app:Mrk1018},10,Mrk 1018,0.0424,191.0,1,-,53,,267,1.05,
\ref{app:Mrk1239},,Mrk 1239,0.0199,95.4,1n,o,574,916,142,1.02,0.884
\ref{app:NGC0034},,NGC 34,0.0196,83.5,2,ellip.,58,,158,0.22,0.165
\ref{app:NGC0235A},1,NGC 235A,0.0222,96.2,2,o,73,,158,0.59,
\ref{app:NGC0253},,NGC 253,8.0E-4,3.2,Cp:*,comp.,1039,2093,5.57,0.21,0.025
\ref{app:NGC0424},,NGC 424,0.0118,49.5,2,o,736,,80.4,0.87,0.669
\ref{app:NGC0454E},4,NGC 454E,0.0121,52.3,2,o,137,,91.2,0.78,
\ref{app:NGC0526A},6,NGC 526A,0.0191,82.8,1.9,-,236,,130,1.03,1.028
\ref{app:NGC0612},7,NGC 612,0.0298,132.0,2,?,33,,270,0.52,0.166
\ref{app:NGC0613},,NGC 613,0.0049,26.6,Cp*,?,28,,47.6,0.06,0.012
\ref{app:NGC0676},,NGC 676,0.0050,19.5,2,?,17,,28.8,,0.471
\ref{app:NGC0788},9,NGC 788,0.0136,57.2,2,-,134,,88.2,1.13,0.715
\ref{app:NGC0985},16,NGC 985,0.0431,195.0,1.5,-,180,,322,1.10,0.866
\ref{app:NGC1052},,NGC 1052,0.0050,19.4,L,?,138,355,31.7,0.75,0.678
\ref{app:NGC1068},,NGC 1068,0.0038,14.4,1.8/2,comp.,10206,19950,24.1,0.29,0.256
\ref{app:NGC1097},,NGC 1097,0.0042,17.0,L,circ.,17,46,27.1,0.12,0.006
\ref{app:NGC1144},20,NGC 1144,0.0288,128.0,2,?,25,,185,0.49,0.096
\ref{app:NGC1194},,NGC 1194,0.0136,58.2,1.9,-,277,,87,0.96,1.040
\ref{app:NGC1275},,NGC 1275,0.0176,76.8,1.5/L,?,917,,129,0.87,0.865
\ref{app:NGC1365},24,NGC 1365,0.0055,17.9,1.8,?,361,,29.8,0.42,0.070
\ref{app:NGC1386},,NGC 1386,0.0029,16.5,2,ellip.,299,427,31.4,0.51,0.576
\ref{app:NGC1433},,NGC 1433,0.0036,8.3,2:*,?,8,,15.9,0.26,0.032
\ref{app:NGC1553},,NGC 1553,0.0036,16.4,L,?,27,,52.6,0.73,0.209
\ref{app:NGC1566},,NGC 1566,0.0050,14.3,1.5,?,59,146,18.4,0.51,0.031
\ref{app:NGC1614},,NGC 1614,0.0159,71.0,Cp:*,spir.,346,654,130,0.23,0.250
\ref{app:NGC1667},,NGC 1667,0.0152,67.8,2,o,6,,127,0.61,0.009
\ref{app:NGC1808},,NGC 1808,0.0033,12.3,Cp:*,ellip.,329,,38.2,0.37,0.061
\ref{app:NGC2110},45,NGC 2110,0.0078,35.9,2,o,318,519,53.7,0.88,0.910
\ref{app:NGC2623},,NGC 2623,0.0185,87.3,Cp,o,178,334,257,0.56,0.850
\ref{app:NGC2992},68,NGC 2992,0.0077,39.7,1.5/2,spir.,191,542,63.2,0.58,0.304
\ref{app:NGC3081},70,NGC 3081,0.0080,40.9,2,o,162,353,62.3,0.60,
\ref{app:NGC3094},,NGC 3094,0.0080,40.8,2:*,-,1023,,79.1,,1.247
\ref{app:NGC3147},,NGC 3147,0.0093,30.1,2,o,19,,78.4,0.39,0.010
\ref{app:NGC3166},,NGC 3166,0.0045,25.3,L,?,6,,60.8,,0.020
\ref{app:NGC3169},,NGC 3169,0.0041,18.7,L,ellip.,8,,31,0.05,0.007
\ref{app:NGC3185},,NGC 3185,0.0041,20.3,2:*,?,31,,50.5,0.38,0.202
\ref{app:NGC3227},71,NGC 3227,0.0039,22.1,1.5,circ.,201,772,27.4,0.53,0.213
\ref{app:NGC3281},72,NGC 3281,0.0107,52.8,2,ellip.,486,870,78.2,0.65,0.535
\ref{app:NGC3312},,NGC 3312,0.0096,48.4,L,-,8,,71.2,,0.042
\ref{app:NGC3368},,NGC 3368,0.0030,10.6,L,?,15,,21.1,0.10,0.015
\ref{app:NGC3379},,NGC 3379,0.0030,10.6,L*,?,3,,15.6,0.13,0.012
\ref{app:NGC3393},,NGC 3393,0.0125,61.6,2,?,67,,77,0.61,0.513
\ref{app:NGC3486},,NGC 3486,0.0023,13.7,2/L*,?,5,,28.1,,0.008
\ref{app:NGC3521},,NGC 3521,0.0027,11.5,L/H*,?,10,,19.1,0.20,0.002
\ref{app:NGC3607},,NGC 3607,0.0032,21.4,2/L*,?,14,,49.3,0.50,
\ref{app:NGC3623},,NGC 3623,0.0027,12.8,L,?,17,,24.5,,0.111
\ref{app:NGC3627},,NGC 3627,0.0024,10.1,2/L*,comp.,13,,25.1,0.06,0.003
\ref{app:NGC3628},,NGC 3628,0.0028,12.2,L/H*,comp.,10,,22.9,0.02,0.003
\ref{app:NGC3660},,NGC 3660,0.0123,60.8,1.8/2/L/H*,o,26,,127,0.79,0.132
\ref{app:NGC3690E},,NGC 3690E,0.0104,49.1,Cp,o,280,,126,0.47,0.070
\ref{app:NGC3690W},,NGC 3690W,0.0104,48.2,Cp,o,773,,124,0.63,0.195
\ref{app:NGC3718},,NGC 3718,0.0033,17.0,L,?,22,,35,,0.150
\ref{app:NGC3783},79,NGC 3783,0.0097,48.4,1.5,?,682,1449,59.5,1.15,0.812
\ref{app:NGC3982},,NGC 3982,0.0037,21.4,2,?,27,,46,0.64,0.056
\ref{app:NGC3998},,NGC 3998,0.0035,14.1,L,?,71,153,24,0.64,0.514
\ref{app:NGC4051},85,NGC 4051,0.0023,12.2,1n,?,464,,27,0.79,0.344
\ref{app:NGC4074},86,NGC 4074,0.0224,107.0,2,o,68,,170,0.75,
\ref{app:NGC4111},,NGC 4111,0.0027,15.0,L,circ.,4,,37.9,,
\ref{app:NGC4138},88,NGC 4138,0.0030,13.8,1.9,?,21,,30.5,0.58,
\ref{app:NGC4151},89,NGC 4151,0.0033,13.3,1.5,o,1287,,29.8,0.74,0.641
\ref{app:NGC4235},,NGC 4235,0.0080,41.2,1.2,-,36,58,65.3,0.98,0.285
\ref{app:NGC4258},,NGC 4258,0.0015,7.6,2,?,107,,14.5,0.77,0.048
\ref{app:NGC4261},,NGC 4261,0.0075,31.7,L,?,13,22,48.1,0.51,0.073
\ref{app:NGC4278},,NGC 4278,0.0022,16.1,L,?,3,,30.7,0.16,0.013
\ref{app:NGC4303},,NGC 4303,0.0052,15.2,2*,?,6,,25.9,,0.002
\ref{app:NGC4374},,NGC 4374,0.0035,17.1,2/L,?,8,,29.5,,0.052
\ref{app:NGC4388},91,NGC 4388,0.0084,19.2,2,ellip.,188,763,33.1,0.49,0.186
\ref{app:NGC4395},92,NGC 4395,0.0011,4.3,1.8,?,10,,8.73,0.50,0.075
\ref{app:NGC4418},,NGC 4418,0.0073,37.8,2*,?,1427,3552,58.7,0.95,1.441
\ref{app:NGC4438},,NGC 4438,2.0E-4,13.7,L/H*,?,10,,30.5,0.17,0.049
\ref{app:NGC4457},,NGC 4457,0.0029,17.4,L*,circ.,6,,33.9,0.10,0.019
\ref{app:NGC4472},,NGC 4472,0.0033,17.1,2/L*,?,9,,29.2,0.58,0.066
\ref{app:NGC4501},,NGC 4501,0.0076,17.9,2,?,4,,36.4,0.23,0.002
\ref{app:NGC4507},94,NGC 4507,0.0118,57.5,2,-,623,,90.7,1.02,1.363
\ref{app:NGC4579},,NGC 4579,0.0051,16.8,L,?,75,101,25.6,0.70,0.067
\ref{app:NGC4593},97,NGC 4593,0.0090,45.6,1,ellip.,227,352,61.1,0.66,0.484
\ref{app:NGC4594},,NGC 4594,0.0034,9.1,L,o,4,,14.4,0.23,0.006
\ref{app:NGC4636},,NGC 4636,0.0031,15.6,L,?,7,,23.9,,0.033
\ref{app:NGC4698},,NGC 4698,0.0034,24.4,2,?,5,,41.5,,0.032
\ref{app:NGC4736},,NGC 4736,0.0010,4.9,L,circ.,13,57,13.1,0.11,0.003
\ref{app:NGC4746},,NGC 4746,0.0059,33.5,L/H*,?,11,,59.5,,0.029
\ref{app:NGC4785},,NGC 4785,0.0123,59.0,2*,?,17,,105,,0.056
\ref{app:NGC4941},,NGC 4941,0.0037,21.2,2,-,76,232,28.8,0.99,0.411
\ref{app:NGC4945},,NGC 4945,0.0019,3.7,Cp,comp.,22,95,5.68,0.19,0.001
\ref{app:NGC4992},102,NGC 4992,0.0251,119.0,1/2/L/N,?,80,,182,0.99,
\ref{app:NGC5005},,NGC 5005,0.0032,16.9,L,ellip.,7,,57.5,0.05,0.004
\ref{app:NGC5033},,NGC 5033,0.0029,18.1,1.2,ellip.,16,,32.8,0.13,0.009
\ref{app:NGC5135},,NGC 5135,0.0137,66.0,2,-,132,,97.8,0.29,0.209
\ref{app:NGC5252},106,NGC 5252,0.0230,109.0,1.9,?,69,,157,1.18,
\ref{app:NGC5258},,NGC 5258,0.0225,107.0,L/H*,?,19,,181,0.34,0.034
\ref{app:NGC5273},,NGC 5273,0.0035,15.3,1.5,o,20,,30.3,0.67,0.170
\ref{app:NGC5347},,NGC 5347,0.0078,38.1,2,?,278,567,94.1,1.23,0.900
\ref{app:NGC5363},,NGC 5363,0.0038,21.0,L,ellip.,2,,35,0.04,0.011
\ref{app:NGC5427},,NGC 5427,0.0087,29.4,2,?,20,,58.4,0.26,0.015
\ref{app:NGC5506},110,NGC 5506,0.0062,31.6,2,circ.,871,1697,49.9,0.74,0.675
\ref{app:NGC5548},112,NGC 5548,0.0172,80.7,1.5,o,124,,132,0.57,0.288
\ref{app:NGC5643},,NGC 5643,0.0040,20.9,2,o,254,,29.9,0.66,0.129
\ref{app:NGC5728},115,NGC 5728,0.0094,45.4,1.9/2,circ.,49,123,76.7,0.38,0.234
\ref{app:NGC5813},,NGC 5813,0.0066,29.7,L:*,?,7,,49.1,,0.223
\ref{app:NGC5866},,NGC 5866,0.0022,14.1,L/H*,?,9,,41.4,0.20,0.025
\ref{app:NGC5953},,NGC 5953,0.0066,31.4,Cp,?,29,,59.6,0.14,0.036
\ref{app:NGC5995},,NGC 5995,0.0252,117.0,1.9,-,332,,175,0.88,0.850
\ref{app:NGC6221},,NGC 6221,0.0050,10.7,Cp*,comp.,104,190,21,0.13,0.033
\ref{app:NGC6240N},120,NGC 6240N,0.0251,114.0,Cp,comp.,17,75,274,0.07,0.029
\ref{app:NGC6240S},120,NGC 6240S,0.0249,113.0,Cp,comp.,93,370,294,0.29,0.157
\ref{app:NGC6251},,NGC 6251,0.0247,112.0,1/2/L,?,14,,197,0.37,0.716
\ref{app:NGC6300},,NGC 6300,0.0037,14.3,2,o,554,,20,0.63,0.324
\ref{app:NGC6810},,NGC 6810,0.0068,28.6,Cp*,ellip.,44,,48.9,0.08,0.035
\ref{app:NGC6814},129,NGC 6814,0.0052,20.1,1.5,-,96,150,33.5,0.93,0.104
\ref{app:NGC6860},133,NGC 6860,0.0149,65.8,1.5,-,206,304,105,1.06,0.824
\ref{app:NGC6890},,NGC 6890,0.0081,33.8,1.9/2,o,117,,56.9,0.82,0.341
\ref{app:NGC7130},,NGC 7130,0.0162,68.9,Cp,circ.,105,,100,0.38,0.180
\ref{app:NGC7172},145,NGC 7172,0.0087,34.8,2,ellip.,185,,52.2,0.44,0.441
\ref{app:NGC7212},,NGC 7212,0.0267,116.0,2,o,110,317,311,0.78,0.560
\ref{app:NGC7213},146,NGC 7213,0.0058,23.0,1.5/L,-,203,403,32.9,0.82,0.313
\ref{app:NGC7314},147,NGC 7314,0.0048,18.3,1.9/2,circ.,62,176,34.5,0.69,0.112
\ref{app:NGC7469},152,NGC 7469,0.0163,67.9,1/1.5,comp.,485,1174,109,0.46,0.305
\ref{app:NGC7479},,NGC 7479,0.0079,30.0,2,-,695,,54.5,0.84,0.507
\ref{app:NGC7496},,NGC 7496,0.0055,21.1,Cp,circ.,170,389,53.3,0.55,0.292
\ref{app:NGC7552},,NGC 7552,0.0054,20.4,L/H*,?,63,100,39.3,0.05,0.017
\ref{app:NGC7582},154,NGC 7582,0.0053,23.0,Cp,comp.,443,568,33.9,0.35,0.193
\ref{app:NGC7590},,NGC 7590,0.0053,26.5,2:*,?,11,,43.5,0.52,0.015
\ref{app:NGC7592W},,NGC 7592W,0.0246,105.0,Cp,?,135,173,276,0.71,0.521
\ref{app:NGC7626},,NGC 7626,0.0114,45.4,L:,?,18,,73.2,0.95,0.376
\ref{app:NGC7674},,NGC 7674,0.0289,126.0,2,ellip.,382,841,175,0.82,0.562
\ref{app:NGC7679},,NGC 7679,0.0171,71.7,Cp,?,36,,105,0.20,0.072
\ref{app:NGC7743},,NGC 7743,0.0057,19.2,2/L,?,9,,28.8,0.38,0.090
\ref{app:PG0026+129},,PG 0026+129,0.1420,691.0,1.2,?,32,,1421,1.17,1.796
\ref{app:PG0052+251},,PG 0052+251,0.1545,759.0,1.2,?,28,,1328,0.72,0.346
\ref{app:PG0844+349},,PG 0844+349,0.0640,302.0,1,o,39,,643,0.80,0.313
\ref{app:PG2130+099},,PG 2130+099,0.0630,288.0,1.5,?,188,,451,1.09,1.010
\ref{app:PictorA},40,Pictor A,0.0351,161.0,1.5/L,?,75,128,249,0.97,0.684
\ref{app:PKS1417-19},,PKS 1417-19,0.1200,586.0,1.5,o,20,,844,,
\ref{app:PKS1814-63},,PKS 1814-63,0.0647,302.0,2,?,28,,595,0.94,
\ref{app:PKS1932-46},,PKS 1932-46,0.2307,1191.0,1.9,?,2,,2034,,
\ref{app:PKS2158-380},,PKS 2158-380,0.0334,149.0,2,?,19,,284,,0.213
\ref{app:PKS2354-35},,PKS 2354-35,0.0491,222.0,L,?,2,,346,,
\ref{app:SuperantennaeS},,Superantennae S,0.0624,291.0,2,o,221,533,440,0.86,0.998
\ref{app:UGC05101},,UGC 5101,0.0394,182.0,Cp,ellip.,227,230,597,0.87,0.908
\ref{app:UGC12348},,UGC 12348,0.0255,110.0,2,o,98,158,282,,0.901
\ref{app:Z041-020},83,Z 41-20,0.0360,170.0,2,?,29,,238,0.49,0.222