Object,D,F_nu(N-band),d_unr,Angular size
1H 0419-577,499.0,62,712.0,294.309703502821
1RXS J112716.6,512.0,41,802.0,323.09448166042466
2MASX J03565655,351.0,31,541.0,317.918120169963
2MASX J09180027,781.0,18,965.0,254.85984382640544
3C 29,202.0,3,371.0,378.83288672104567
3C 33,273.0,35,839.0,633.9053935574271
3C 78,127.0,12,241.0,391.41589216956925
3C 93,1967.0,3,2135.0,223.881729200563
3C 98,137.0,25,304.0,457.69708831453687
3C 105,421.0,10,593.0,290.5345133123703
3C 120,150.0,266,200.0,275.01974166275437
3C 135,620.0,11,881.0,293.0956359736473
3C 227,414.0,32,595.0,296.44338095894005
3C 264,103.0,4,191.0,382.4910484775156
3C 273,792.0,289,1095.0,285.17672075825067
3C 285,378.0,6,626.0,341.5919807160127
3C 293,211.0,5,373.0,364.6292546452459
3C 305,192.0,4,329.0,353.4433398712401
3C 317,160.0,3,310.0,399.6380621036241
3C 321,460.0,70,782.0,350.65017061997935
3C 327,505.0,71,1114.0,455.0079092260834
3C 353,138.0,8,292.0,436.4443726386207
3C 382,267.0,100,485.0,374.67577164724423
3C 390.3,259.0,144,433.0,344.8365293628259
3C 403,271.0,94,485.0,369.14550195503693
3C 424,613.0,2,982.0,330.4274710189319
3C 445,254.0,180,357.0,289.9076213787451
3C 449,72.4,12,242.0,689.4486617645143
3C 452,378.0,42,1039.0,566.9553801338576
3C 459,1125.0,16,1999.0,366.5096423891885
4C +73.08,271.0,22,421.0,320.4335181919192
Ark 120,149.0,247,200.0,276.8655117410273
Cen A,3.8,1524,5.8,314.8252305876122
Circinus,4.2,8327,5.34,262.25096794270144
Cygnus A,257.0,57,626.0,502.4193335043519
ESO 5-4,22.4,29,34.9,321.3679347331342
ESO 33-2,82.3,174,276.0,691.7264462229069
ESO 103-35,59.5,484,81.0,280.79746732793654
ESO 121-28,187.0,15,285.0,314.3608009647651
ESO 138-1,41.8,760,61.8,304.9561011021108
ESO 141-55,169.0,149,289.0,352.7250237005699
ESO 198-24,208.0,33,305.0,302.4556053141976
ESO 209-12,189.0,164,250.0,272.8370453003522
ESO 253-3,196.0,193,364.0,383.0632116016402
ESO 263-13,158.0,56,223.0,291.12058096895476
ESO 286-19,195.0,412,497.0,525.7108138705199
ESO 297-18,111.0,31,171.0,317.7592961103288
ESO 323-32,76.4,57,121.0,326.6759365954639
ESO 323-77,71.8,347,89.3,256.53826180868145
ESO 362-18,56.5,157,88.1,321.6270695639912
ESO 416-2,272.0,25,504.0,382.19655275186324
ESO 420-13,52.7,192,95.0,371.82460329162893
ESO 428-14,28.2,115,42.8,313.05438678631305
ESO 500-34,60.2,47,121.0,414.58540790515366
ESO 506-27,119.0,180,183.0,317.1971390185814
ESO 511-30,105.0,52,149.0,292.6995821982114
ESO 548-81,63.5,87,103.0,334.5712605267128
ESO 602-25,109.0,34,297.0,562.0242885811899
Fairall 9,215.0,280,246.0,236.00531319432636
Fairall 49,90.1,368,193.0,441.8324928487721
Fairall 51,64.1,391,188.0,604.9576220659332
Fornax A,19.0,17,36.2,392.98873611276997
H 0557-385,156.0,426,251.0,331.8747844103206
H1143-182,156.0,67,229.0,302.7861578883114
Hydra A,260.0,5,379.0,300.6706214139833
IC 883,109.0,222,318.0,601.7633796929368
IC 1459,30.3,17,44.0,299.5264513158628
IC 3639,53.6,386,84.6,325.55975015859565
IC 4329A,76.5,1158,114.0,307.37500538777294
IC 4518W,76.1,199,196.0,531.2470699659466
IC 5063,49.1,821,82.0,344.47482917022336
III Zw 35N,121.0,53,257.0,438.099629797387
IRAS 00188-0856,620.0,64,1485.0,494.0374794786961
IRAS 01003-2238,565.0,215,1287.0,469.84567369893483
IRAS 04103-2838,567.0,133,1398.0,508.568252439673
IRAS 05189-2524,196.0,651,359.0,377.8013542994229
IRAS 08572+3915,275.0,602,744.0,558.0400576281676
IRAS 09149-6206,269.0,465,331.0,253.80539356052145
IRAS 11095-0238,519.0,84,1081.0,429.61898950487574
IRAS 13349+2438,522.0,476,893.0,352.86297313910364
IRAS 15250+3609,258.0,217,620.0,495.67511578735724
I Zw 1,269.0,426,368.0,282.1763892153145
LEDA 13946,166.0,12,266.0,330.5207136247945
LEDA 170194,173.0,42,288.0,343.37724970606945
LEDA 178130,160.0,52,284.0,366.12003108849984
LEDA 549777,284.1,33,887.0,643.9876210525372
M51a,8.1,26,22.8,580.5972323988508
M81,3.6,137,7.69,440.6045444554355
M87,16.7,21,25.9,319.8957174729775
MCG-1-5-47,73.4,53,92.2,259.09557405967007
MCG-1-13-25,71.2,25,100.0,289.69776158295286
MCG-1-24-12,93.8,111,129.0,283.6690832182434
MCG-2-8-14,72.5,44,107.0,304.41840370255585
MCG-2-8-39,133.0,231,356.0,552.1073009317478
MCG-3-34-64,79.3,531,116.0,301.72405453542126
MCG-5-23-16,42.8,714,60.3,290.60205179200585
MCG-6-30-15,38.8,341,48.9,259.95744911035246
MR 2251-178,293.0,90,388.0,273.1424738015757
Mrk 3,60.6,448,137.0,466.3082253438971
Mrk 266NE,130.0,20,428.0,679.0872082590577
Mrk 266SW,128.0,6,421.0,678.4178392964786
Mrk 304,301.0,52,511.0,350.1704850240562
Mrk 509,153.0,256,269.0,362.64858091800403
Mrk 520,115.0,86,196.0,351.5469741254008
Mrk 573,73.1,212,193.0,544.5842353716343
Mrk 590,116.0,98,164.0,291.61576055619105
Mrk 841,170.0,163,236.0,286.3440839665112
Mrk 897,115.0,8,214.0,383.83190032057286
Mrk 915,104.0,85,276.0,547.3950627323574
Mrk 926,210.0,107,287.0,281.89523520432107
Mrk 937,129.0,15,175.0,279.816597621987
Mrk 1014,807.0,99,1187.0,303.39073731754553
Mrk 1018,191.0,53,267.0,288.3387605652657
Mrk 1239,95.4,574,142.0,307.01889399457303
NGC 34,83.5,58,158.0,390.297477689
NGC 235A,96.2,73,158.0,338.7717191999365
NGC 253,3.2,1039,5.57,359.02967837376144
NGC 424,49.5,736,80.4,335.0240489346041
NGC 454E,52.3,137,91.2,359.6816506640616
NGC 526A,82.8,236,130.0,323.8457102912683
NGC 612,132.0,33,270.0,421.90528550527716
NGC 613,26.6,28,47.6,369.1054427578634
NGC 676,19.5,17,28.8,304.6372523033484
NGC 788,57.2,134,88.2,318.05167676556454
NGC 985,195.0,180,322.0,340.6013723669227
NGC 1052,19.4,138,31.7,337.04094629028344
NGC 1068,14.4,10206,24.1,345.20707156624036
NGC 1097,17.0,17,27.1,328.81036760559573
NGC 1144,128.0,25,185.0,298.1171027789545
NGC 1194,58.2,277,87.0,308.3339887198288
NGC 1275,76.8,917,129.0,346.46041674308816
NGC 1365,17.9,361,29.8,343.3905712939693
NGC 1386,16.5,299,31.4,392.52817673678
NGC 1433,8.3,8,15.9,395.1337854611842
NGC 1553,16.4,27,52.6,661.556634669998
NGC 1566,14.3,59,18.4,265.403666779444
NGC 1614,71.0,346,130.0,377.66795510021166
NGC 1667,67.8,6,127.0,386.3662299907607
NGC 1808,12.3,329,38.2,640.5947641164835
NGC 2110,35.9,318,53.7,308.53537870381643
NGC 2623,87.3,178,257.0,607.2171272103719
NGC 2992,39.7,191,63.2,328.3611021363661
NGC 3081,40.9,162,62.3,314.188201202729
NGC 3094,40.8,1023,79.1,399.8908376014757
NGC 3147,30.1,19,78.4,537.2478674339937
NGC 3166,25.3,6,60.8,495.6877557240087
NGC 3169,18.7,8,31.0,341.93630982131134
NGC 3185,20.3,31,50.5,513.1218086439898
NGC 3227,22.1,201,27.4,255.73102674976084
NGC 3281,52.8,486,78.2,305.4906789492422
NGC 3312,48.4,8,71.2,303.430871999806
NGC 3368,10.6,15,21.1,410.5837180954996
NGC 3379,10.6,3,15.6,303.55952617491715
NGC 3393,61.6,67,77.0,257.83100780883683
NGC 3486,13.7,5,28.1,423.0686901855018
NGC 3521,11.5,10,19.1,342.57893907118563
NGC 3607,21.4,14,49.3,475.1801377559509
NGC 3623,12.8,17,24.5,394.80373070721225
NGC 3627,10.1,13,25.1,512.598676910837
NGC 3628,12.2,10,22.9,387.1691854964851
NGC 3660,60.8,26,127.0,430.84918410150846
NGC 3690E,49.1,280,126.0,529.3149814077368
NGC 3690W,48.2,773,124.0,530.6397505109095
NGC 3718,17.0,22,35.0,424.66283639093064
NGC 3783,48.4,682,59.5,253.56933825827866
NGC 3982,21.4,27,46.0,443.3729480076065
NGC 3998,14.1,71,24.0,351.08903190986643
NGC 4051,12.2,464,27.0,456.48768595650233
NGC 4074,107.0,68,170.0,327.71043983176634
NGC 4111,15.0,4,37.9,521.1624104507194
NGC 4138,13.8,21,30.5,455.87511525607806
NGC 4151,13.3,1287,29.8,462.15723504969174
NGC 4235,41.2,36,65.3,326.91970504690704
NGC 4258,7.6,107,14.5,393.5315382344723
NGC 4261,31.7,13,48.1,312.9759362928527
NGC 4278,16.1,3,30.7,393.31239452074146
NGC 4303,15.2,6,25.9,351.46437380253303
NGC 4374,17.1,8,29.5,355.83694644958086
NGC 4388,19.2,188,33.1,355.59193160297906
NGC 4395,4.3,10,8.73,418.76552524105404
NGC 4418,37.8,1427,58.7,320.3106911825958
NGC 4438,13.7,10,30.5,459.2026708418861
NGC 4457,17.4,6,33.9,401.86074320542264
NGC 4472,17.1,9,29.2,352.21826563823095
NGC 4501,17.9,4,36.4,419.4435166140625
NGC 4507,57.5,623,90.7,325.36031176709145
NGC 4579,16.8,75,25.6,314.30827618599074
NGC 4593,45.6,227,61.1,276.37674696701094
NGC 4594,9.1,4,14.4,326.39705603929315
NGC 4636,15.6,7,23.9,316.0082608528614
NGC 4698,24.4,5,41.5,350.8192401332965
NGC 4736,4.9,13,13.1,551.4426452725208
NGC 4746,33.5,11,59.5,366.3509245283285
NGC 4785,59.0,17,105.0,367.0814348464305
NGC 4941,21.2,76,28.8,280.2087933922387
NGC 4945,3.7,22,5.68,316.64435121169646
NGC 4992,119.0,80,182.0,315.463821319027
NGC 5005,16.9,7,57.5,701.7885419642956
NGC 5033,18.1,16,32.8,373.78373728745345
NGC 5135,66.0,132,97.8,305.64694016609593
NGC 5252,109.0,69,157.0,297.097014502647
NGC 5258,107.0,19,181.0,348.91523299734143
NGC 5273,15.3,20,30.3,408.48520452842985
NGC 5347,38.1,278,94.1,509.4361750089737
NGC 5363,21.0,2,35.0,343.7746770784143
NGC 5427,29.4,20,58.4,409.7232885995396
NGC 5506,31.6,871,49.9,325.7156275863281
NGC 5548,80.7,124,132.0,337.3848131922013
NGC 5643,20.9,254,29.9,295.086971616609
NGC 5728,45.4,49,76.7,348.46939733807324
NGC 5813,29.7,7,49.1,340.99669988990314
NGC 5866,14.1,9,41.4,605.6285800442307
NGC 5953,31.4,29,59.6,391.5089952969188
NGC 5995,117.0,332,175.0,308.51573583961647
NGC 6221,10.7,104,21.0,404.8187786156666
NGC 6240N,114.0,17,274.0,495.75927115506306
NGC 6240S,113.0,93,294.0,536.6535666956825
NGC 6251,112.0,14,197.0,362.80506098810264
NGC 6300,14.3,554,20.0,288.48224649938834
NGC 6810,28.6,44,48.9,352.6695463454739
NGC 6814,20.1,96,33.5,343.7746770784143
NGC 6860,65.8,206,105.0,329.1459674155094
NGC 6890,33.8,117,56.9,347.23276554606537
NGC 7130,68.9,105,100.0,299.3683690087955
NGC 7172,34.8,185,52.2,309.3972093705865
NGC 7212,116.0,110,311.0,553.0030581276598
NGC 7213,23.0,203,32.9,295.0483532838396
NGC 7314,18.3,62,34.5,388.8598806296566
NGC 7469,67.9,485,109.0,331.11728837892
NGC 7479,30.0,695,54.5,374.7143980154553
NGC 7496,21.1,170,53.3,521.0385863964165
NGC 7552,20.4,63,39.3,397.3630826229597
NGC 7582,23.0,443,33.9,304.0163883380565
NGC 7590,26.5,11,43.5,338.58562534893116
NGC 7592W,105.0,135,276.0,542.1817764206268
NGC 7626,45.4,18,73.2,332.56792549084105
NGC 7674,126.0,382,175.0,286.47889756536557
NGC 7679,71.7,36,105.0,302.0614317425557
NGC 7743,19.2,9,28.8,309.3972093705865
PG 0026+129,691.0,32,1421.0,424.1711862185537
PG 0052+251,759.0,28,1328.0,360.8954712728248
PG 0844+349,302.0,39,643.0,439.1664583338836
PG 2130+099,288.0,188,451.0,323.00495700493553
Pictor A,161.0,75,249.0,319.0058183572469
PKS 1417-19,586.0,20,844.0,297.07763903160276
PKS 1814-63,302.0,28,595.0,406.3826480694789
PKS 1932-46,1191.0,2,2034.0,352.2608026083056
PKS 2158-380,149.0,19,284.0,393.14902667219883
PKS 2354-35,222.0,2,346.0,321.47577910576973
Superantennae S,291.0,221,440.0,311.87805755568763
UGC 5101,182.0,227,597.0,676.5938974143191
UGC 12348,110.0,98,282.0,528.7879578331756
Z 41-20,170.0,29,238.0,288.77072874588765
